gene,sgRNA_id,sgRNA_seq,iBAR
SPTLC3,SPTLC3_1,CCACCTCCAGGGTTAGCCAT,ACCCCG
SPTLC3,SPTLC3_2,CCACCTCCAGGGTTAGCCAT,TACTGA
SPTLC3,SPTLC3_3,CCACCTCCAGGGTTAGCCAT,ACGAGC
SPTLC3,SPTLC3_4,CCACCTCCAGGGTTAGCCAT,TATCGA
SPTLC3,SPTLC3_5,ACCACCTCCAGGGTTAGCCA,ATGATC
SPTLC3,SPTLC3_6,ACCACCTCCAGGGTTAGCCA,GGATAG
SPTLC3,SPTLC3_7,ACCACCTCCAGGGTTAGCCA,CGCACG
SPTLC3,SPTLC3_8,ACCACCTCCAGGGTTAGCCA,ACCAAA
SPTLC3,SPTLC3_9,TTCACACCCATGGCTAACCC,GGGCTT
SPTLC3,SPTLC3_10,TTCACACCCATGGCTAACCC,TATGTC
SPTLC3,SPTLC3_11,TTCACACCCATGGCTAACCC,TGACCT
SPTLC3,SPTLC3_12,TTCACACCCATGGCTAACCC,TGTTTT
AMDHD1,AMDHD1_13,GCGCGAGGCGACATGGCAAG,CTTCGG
AMDHD1,AMDHD1_14,GCGCGAGGCGACATGGCAAG,CCTCCC
AMDHD1,AMDHD1_15,GCGCGAGGCGACATGGCAAG,TCAGCC
AMDHD1,AMDHD1_16,GCGCGAGGCGACATGGCAAG,TCCTCC
AMDHD1,AMDHD1_17,CGTTCTCCAGCAGGAGGCTG,GGTTAA
AMDHD1,AMDHD1_18,CGTTCTCCAGCAGGAGGCTG,GAGTCA
AMDHD1,AMDHD1_19,CGTTCTCCAGCAGGAGGCTG,ACCAGA
AMDHD1,AMDHD1_20,CGTTCTCCAGCAGGAGGCTG,TGGTTC
AMDHD1,AMDHD1_21,GCTGCGCGTTCTCCAGCAGG,TATTCG
AMDHD1,AMDHD1_22,GCTGCGCGTTCTCCAGCAGG,ACTAAG
AMDHD1,AMDHD1_23,GCTGCGCGTTCTCCAGCAGG,TGAAAG
AMDHD1,AMDHD1_24,GCTGCGCGTTCTCCAGCAGG,AGCGCC
RPL36AL,RPL36AL_25,CAAGGATTCTTTGTATGCCC,GTTGCG
RPL36AL,RPL36AL_26,CAAGGATTCTTTGTATGCCC,GGTTTT
RPL36AL,RPL36AL_27,CAAGGATTCTTTGTATGCCC,CATTGA
RPL36AL,RPL36AL_28,CAAGGATTCTTTGTATGCCC,AATTAT
RPL36AL,RPL36AL_29,AAGGATTCTTTGTATGCCCA,ACGTGG
RPL36AL,RPL36AL_30,AAGGATTCTTTGTATGCCCA,GTGCCT
RPL36AL,RPL36AL_31,AAGGATTCTTTGTATGCCCA,GCTATA
RPL36AL,RPL36AL_32,AAGGATTCTTTGTATGCCCA,CGGATG
RPL36AL,RPL36AL_33,ATTCTTTGTATGCCCAGGGA,CGAGTC
RPL36AL,RPL36AL_34,ATTCTTTGTATGCCCAGGGA,CTCGAC
RPL36AL,RPL36AL_35,ATTCTTTGTATGCCCAGGGA,GCGAGA
RPL36AL,RPL36AL_36,ATTCTTTGTATGCCCAGGGA,GATTCG
FAM205A,FAM205A_37,ATGGAGCCATAGATGTATAA,GAATAA
FAM205A,FAM205A_38,ATGGAGCCATAGATGTATAA,GTGGCA
FAM205A,FAM205A_39,ATGGAGCCATAGATGTATAA,ACTCCT
FAM205A,FAM205A_40,ATGGAGCCATAGATGTATAA,GGACCG
FAM205A,FAM205A_41,GGATATCCCTTATACATCTA,TTGGCC
FAM205A,FAM205A_42,GGATATCCCTTATACATCTA,CAGCAC
FAM205A,FAM205A_43,GGATATCCCTTATACATCTA,AAGGCA
FAM205A,FAM205A_44,GGATATCCCTTATACATCTA,AGTGCA
FAM205A,FAM205A_45,GTTCTGAACTCAATTCATGG,TAACGA
FAM205A,FAM205A_46,GTTCTGAACTCAATTCATGG,TGCACG
FAM205A,FAM205A_47,GTTCTGAACTCAATTCATGG,CAACTG
FAM205A,FAM205A_48,GTTCTGAACTCAATTCATGG,CAAGGA
CLEC4E,CLEC4E_49,TCATCTGAAACACAATGCAC,CCTTAG
CLEC4E,CLEC4E_50,TCATCTGAAACACAATGCAC,TGATCA
CLEC4E,CLEC4E_51,TCATCTGAAACACAATGCAC,CACCTT
CLEC4E,CLEC4E_52,TCATCTGAAACACAATGCAC,TCCCGT
CLEC4E,CLEC4E_53,GTCTTTCTTTCTACAGAGAG,CAGCCC
CLEC4E,CLEC4E_54,GTCTTTCTTTCTACAGAGAG,AGTGCT
CLEC4E,CLEC4E_55,GTCTTTCTTTCTACAGAGAG,TCTCGA
CLEC4E,CLEC4E_56,GTCTTTCTTTCTACAGAGAG,CTTAAT
CLEC4E,CLEC4E_57,AGGCACTGAGAAATAGGATG,CGTTGA
CLEC4E,CLEC4E_58,AGGCACTGAGAAATAGGATG,ATTATA
CLEC4E,CLEC4E_59,AGGCACTGAGAAATAGGATG,TGGAAT
CLEC4E,CLEC4E_60,AGGCACTGAGAAATAGGATG,GTGCGA
SIRT3,SIRT3_61,CAGAGGGTGGTGGTCATGGT,GTCACT
SIRT3,SIRT3_62,CAGAGGGTGGTGGTCATGGT,ACCTTG
SIRT3,SIRT3_63,CAGAGGGTGGTGGTCATGGT,TAATTT
SIRT3,SIRT3_64,CAGAGGGTGGTGGTCATGGT,ACGAAC
SIRT3,SIRT3_65,AGAGGGTGGTGGTCATGGTG,GGCCTT
SIRT3,SIRT3_66,AGAGGGTGGTGGTCATGGTG,TGCTAT
SIRT3,SIRT3_67,AGAGGGTGGTGGTCATGGTG,GGGCGT
SIRT3,SIRT3_68,AGAGGGTGGTGGTCATGGTG,GTGCAG
SIRT3,SIRT3_69,GCGCGGAACATGGCGTTCTG,TCACAG
SIRT3,SIRT3_70,GCGCGGAACATGGCGTTCTG,ATAGAC
SIRT3,SIRT3_71,GCGCGGAACATGGCGTTCTG,TTCCCT
SIRT3,SIRT3_72,GCGCGGAACATGGCGTTCTG,TTGGGT
CTBP1,CTBP1_73,CAGCTCGCACTTGCTCAACA,CTATCC
CTBP1,CTBP1_74,CAGCTCGCACTTGCTCAACA,AGAAAA
CTBP1,CTBP1_75,CAGCTCGCACTTGCTCAACA,AGGGGG
CTBP1,CTBP1_76,CAGCTCGCACTTGCTCAACA,GTTGAA
CTBP1,CTBP1_77,AGCTCGCACTTGCTCAACAA,ATTCTA
CTBP1,CTBP1_78,AGCTCGCACTTGCTCAACAA,CGCCCC
CTBP1,CTBP1_79,AGCTCGCACTTGCTCAACAA,GCCGCG
CTBP1,CTBP1_80,AGCTCGCACTTGCTCAACAA,AATCTG
CTBP1,CTBP1_81,GCGCGGCCTTACCAAGCGGC,ACGATA
CTBP1,CTBP1_82,GCGCGGCCTTACCAAGCGGC,CATTCG
CTBP1,CTBP1_83,GCGCGGCCTTACCAAGCGGC,CTGCAA
CTBP1,CTBP1_84,GCGCGGCCTTACCAAGCGGC,TGCTCA
LRRC40,LRRC40_85,TGAACATGTCGCGCCTGAAG,ATCCGG
LRRC40,LRRC40_86,TGAACATGTCGCGCCTGAAG,TCCGTC
LRRC40,LRRC40_87,TGAACATGTCGCGCCTGAAG,CCGTGA
LRRC40,LRRC40_88,TGAACATGTCGCGCCTGAAG,TCATGA
LRRC40,LRRC40_89,GTCGCGCCTGAAGCGGATAG,TTCCTA
LRRC40,LRRC40_90,GTCGCGCCTGAAGCGGATAG,ATGTCA
LRRC40,LRRC40_91,GTCGCGCCTGAAGCGGATAG,GTCCCT
LRRC40,LRRC40_92,GTCGCGCCTGAAGCGGATAG,GTGCAA
LRRC40,LRRC40_93,CGCGCCTGAAGCGGATAGCG,GGGGTG
LRRC40,LRRC40_94,CGCGCCTGAAGCGGATAGCG,GTACTA
LRRC40,LRRC40_95,CGCGCCTGAAGCGGATAGCG,GTACCC
LRRC40,LRRC40_96,CGCGCCTGAAGCGGATAGCG,TCTTGT
CTSE,CTSE_97,AGAGGGGACCCAGAGGTTGG,TATCAC
CTSE,CTSE_98,AGAGGGGACCCAGAGGTTGG,TCGCGG
CTSE,CTSE_99,AGAGGGGACCCAGAGGTTGG,TGATGA
CTSE,CTSE_100,AGAGGGGACCCAGAGGTTGG,ATACCT
